user_id,time,sat,channel,data_rate
80,0,STARLINK-31858,0,256.5950597279211
80,1,STARLINK-31858,0,74.96599547666275
80,2,STARLINK-31858,0,269.9368814488134
81,0,STARLINK-31858,1,256.5950597279211
81,1,STARLINK-31858,1,74.96608847766203
81,2,STARLINK-31858,1,269.9367116588858
82,0,STARLINK-31858,5,256.5950597279211
82,1,STARLINK-31858,5,74.96608847766203
82,2,STARLINK-31858,5,269.93669885893337
83,0,STARLINK-31858,10,256.5950597279211
83,1,STARLINK-31858,10,74.96608847766203
83,2,STARLINK-31858,10,269.9368814488134
84,0,STARLINK-31858,11,256.5950597279211
84,1,STARLINK-31858,11,74.96578583700911
84,2,STARLINK-31858,11,137.39451255320407
80,3,STARLINK-31858,0,184.6496098230896
81,3,STARLINK-31858,3,184.6496098230896
82,3,STARLINK-31858,4,184.6496098230896
83,3,STARLINK-31910,5,178.7601101302787
83,4,STARLINK-31910,5,154.52224392381228
83,5,STARLINK-31910,5,150.55604338429401
84,3,STARLINK-31910,8,178.7601101302787
84,4,STARLINK-31910,8,154.52104590852755
84,5,STARLINK-31910,8,150.5563560906694
80,4,STARLINK-5086,1,242.40721086031164
80,5,STARLINK-5086,1,196.49561827721098
80,6,STARLINK-5086,1,152.10793152699145
81,4,STARLINK-5086,3,242.40721086031164
81,5,STARLINK-5086,3,124.26624776676599
81,6,STARLINK-5086,3,83.52861375486604
82,4,STARLINK-5086,6,242.40721086031164
82,5,STARLINK-5086,6,54.79555245752905
82,6,STARLINK-5086,6,32.627910660491665
83,6,STARLINK-4158,4,245.26433732702935
83,7,STARLINK-4158,4,253.6270181154059
83,8,STARLINK-4158,4,227.62818110910544
84,6,STARLINK-4158,5,245.26433732702935
84,7,STARLINK-4158,5,253.6270181154059
84,8,STARLINK-4158,5,227.64986938518734
80,7,STARLINK-4158,3,253.6270181154059
80,8,STARLINK-4158,3,227.64986938518734
80,9,STARLINK-4158,3,159.13918305240844
81,7,STARLINK-4158,8,253.6270181154059
81,8,STARLINK-4158,8,227.64951995288575
81,9,STARLINK-4158,8,159.13705618499168
82,7,STARLINK-4158,9,253.6270181154059
82,8,STARLINK-4158,9,227.64921962474656
82,9,STARLINK-4158,9,159.13798215323843
83,9,STARLINK-34160,0,74.22007507363841
83,10,STARLINK-34160,0,67.99885255932095
83,11,STARLINK-34160,0,156.20525389389223
84,9,STARLINK-34160,1,39.717811016868545
84,10,STARLINK-34160,1,179.0541434811823
80,10,STARLINK-34160,4,106.25765402791035
80,11,STARLINK-34160,4,75.42015260649394
81,10,STARLINK-34160,6,179.2182634904105
81,11,STARLINK-34160,6,75.4201526504526
82,10,STARLINK-34160,7,106.25765402791035
82,11,STARLINK-34160,7,75.4201526504526
83,12,STARLINK-31678,0,278.9044845508116
85,1,STARLINK-2575,2,229.34284927074907
85,2,STARLINK-2575,2,137.84462617534035
85,3,STARLINK-2575,2,93.08405953518431
86,1,STARLINK-2575,7,229.34284927074907
86,2,STARLINK-2575,7,137.84462617534035
86,3,STARLINK-2575,7,221.84709334425236
87,1,STARLINK-2575,9,229.34284927074907
87,2,STARLINK-2575,9,137.83916175195967
87,3,STARLINK-2575,9,221.84939389905236
88,1,STARLINK-2575,12,229.34284927074907
88,2,STARLINK-2575,12,137.8264904954455
88,3,STARLINK-2575,12,221.84939389905236
89,1,STARLINK-2575,18,229.34284927074907
89,2,STARLINK-2575,18,137.84462617534035
89,3,STARLINK-2575,18,221.84939389905236
85,4,STARLINK-34163,10,224.29371227179288
85,5,STARLINK-34163,10,111.43532255227004
85,6,STARLINK-34163,10,215.8363270571883
86,4,STARLINK-34163,12,224.29371227179288
86,5,STARLINK-34163,12,61.31834092301018
86,6,STARLINK-34163,12,131.72724705024217
87,4,STARLINK-34163,17,224.29371227179288
87,5,STARLINK-34163,17,111.43532255227004
87,6,STARLINK-34163,17,120.32921495293115
88,4,STARLINK-5086,18,242.40721086031164
88,5,STARLINK-5086,18,196.49593542695874
88,6,STARLINK-5086,18,152.1072924619688
89,4,STARLINK-5086,19,242.40721086031164
89,5,STARLINK-5086,19,196.49571698129873
89,6,STARLINK-5086,19,152.10793152699145
85,7,STARLINK-34163,13,220.06663698522055
86,7,STARLINK-34163,14,220.06663698522055
87,7,STARLINK-34163,18,220.06663698522055
88,7,STARLINK-33873,19,208.4831654454328
88,8,STARLINK-33873,19,213.82301691772656
88,9,STARLINK-33873,19,265.1822110758541
89,7,STARLINK-33873,20,208.4831654454328
89,8,STARLINK-33873,20,213.82524105433816
89,9,STARLINK-33873,20,265.1822110758541
85,8,STARLINK-33918,10,178.50665666277243
85,9,STARLINK-33918,10,117.59010149865664
85,10,STARLINK-33918,10,43.726576133473934
86,8,STARLINK-33918,13,178.50665666277243
86,9,STARLINK-33918,13,117.59479999031954
86,10,STARLINK-33918,13,133.38651664031278
87,8,STARLINK-33918,14,178.50665666277243
87,9,STARLINK-33918,14,117.59479999031954
87,10,STARLINK-33918,14,133.38799190134003
88,10,STARLINK-34160,8,179.0541434811823
88,11,STARLINK-34160,8,156.09863449844676
89,10,STARLINK-34160,17,179.0541434811823
89,11,STARLINK-34160,17,156.09863449844676
89,12,STARLINK-34160,17,85.69379709258467
85,11,STARLINK-34160,11,156.20554618628245
85,12,STARLINK-34160,11,85.95328819550488
85,13,STARLINK-34160,11,58.315997264732495
86,11,STARLINK-34160,12,156.20554618628245
86,12,STARLINK-34160,12,136.10848563079165
87,11,STARLINK-34165,13,50.273062930133456
65,6,STARLINK-4158,15,99.88300274989625
65,7,STARLINK-4158,15,96.42354259056141
65,8,STARLINK-4158,15,127.78535130951455
66,6,STARLINK-5860,15,48.365409537633305
66,7,STARLINK-5860,15,52.0351152050388
66,8,STARLINK-5860,15,29.014984394415997
67,6,STARLINK-4158,22,245.26433732702935
67,7,STARLINK-4158,22,253.62701810493087
67,8,STARLINK-4158,22,227.64999896762046
68,6,STARLINK-5860,21,193.72298000680365
68,7,STARLINK-5860,21,209.23857285806278
68,8,STARLINK-5860,21,27.898515114666562
69,6,STARLINK-5860,23,193.68695217105238
69,7,STARLINK-5860,23,209.23857285806278
69,8,STARLINK-5860,23,41.88824839763444
65,9,STARLINK-4158,15,53.07574021087806
66,9,STARLINK-34160,15,81.68839844770328
66,10,STARLINK-34160,15,179.21197020376152
66,11,STARLINK-34160,15,155.10617989933596
67,9,STARLINK-4158,18,159.13918305240844
68,9,STARLINK-34160,23,74.22007507363841
68,10,STARLINK-34160,23,67.99885255932095
68,11,STARLINK-34160,23,75.41884165476105
69,9,STARLINK-34160,21,74.21357968170133
69,10,STARLINK-34160,21,67.99885255932095
69,11,STARLINK-34160,21,156.20554618628245
65,10,STARLINK-34160,18,179.0541434811823
65,11,STARLINK-34160,18,156.09863449844676
65,12,STARLINK-34160,18,135.41888387697333
67,10,STARLINK-34160,19,179.0541434811823
67,11,STARLINK-34160,19,156.09863449844676
67,12,STARLINK-34160,19,135.41601157248314
66,12,STARLINK-34160,1,85.69379709258467
68,12,STARLINK-34160,3,85.95328819550488
69,12,STARLINK-34160,7,136.1140463466329
65,13,STARLINK-34160,0,58.3161196180323
66,13,STARLINK-34160,1,58.3161196180323
67,13,STARLINK-34160,3,58.3161196180323
68,13,STARLINK-32190,4,110.56830245185355
68,14,STARLINK-32190,4,70.41538208556015
68,15,STARLINK-32190,4,9.821977958246503
69,13,STARLINK-32190,6,110.56830245185355
69,14,STARLINK-32190,6,179.67593968068607
69,15,STARLINK-32190,6,17.744354782860352
65,14,STARLINK-33717,1,69.73233320446718
65,15,STARLINK-33717,1,194.1693210557806
65,16,STARLINK-33717,1,198.85771955652712
66,14,STARLINK-33717,2,69.73233320446718
66,15,STARLINK-33717,2,138.21143538952106
66,16,STARLINK-33717,2,63.1064239956898
67,14,STARLINK-33717,7,69.73233320446718
67,15,STARLINK-33717,7,138.21143538952106
67,16,STARLINK-33717,7,58.56072558065623
68,16,STARLINK-30906,0,269.03490683636016
69,16,STARLINK-31457,3,83.65328330735726
69,17,STARLINK-31457,3,36.99187796644952
66,17,STARLINK-31771,1,221.95086259271693
67,17,STARLINK-31771,10,62.018084345638364
70,7,STARLINK-33873,11,208.48307264119674
70,8,STARLINK-33873,11,213.82490124910203
70,9,STARLINK-33873,11,265.1807027298788
71,7,STARLINK-33873,12,208.4828787512772
71,8,STARLINK-33873,12,213.78377217567788
71,9,STARLINK-33873,12,265.18076718778576
72,7,STARLINK-33873,1,208.48064369374572
72,8,STARLINK-33873,1,213.825114165166
72,9,STARLINK-33873,1,117.14818080348907
73,7,STARLINK-4158,2,145.73703433217491
73,8,STARLINK-4158,2,97.0213131671117
73,9,STARLINK-4158,2,84.09672786838586
74,7,STARLINK-4158,24,145.73703432949804
74,8,STARLINK-4158,24,97.02042788420053
74,9,STARLINK-4158,24,84.09672786838586
70,10,STARLINK-34160,16,179.20543583857324
70,11,STARLINK-34160,16,156.0893108084505
70,12,STARLINK-34160,16,136.01371783723116
71,10,STARLINK-34160,20,179.21197020376152
71,11,STARLINK-34160,20,156.20554618628245
71,12,STARLINK-34160,20,85.95328819550488
72,10,STARLINK-34160,9,179.1745359323294
72,11,STARLINK-34160,9,156.20386984498458
72,12,STARLINK-34160,9,85.95328819550488
73,10,STARLINK-34160,2,89.55684772254442
73,11,STARLINK-34160,2,155.1064294402509
73,12,STARLINK-34160,2,133.25130523052832
74,10,STARLINK-34160,10,89.55684772254442
74,11,STARLINK-34160,10,156.19943374129173
74,12,STARLINK-34160,10,136.1140463466329
70,13,STARLINK-32190,7,110.56830245185355
70,14,STARLINK-32190,7,65.14187284794255
70,15,STARLINK-32190,7,17.744354782860352
71,13,STARLINK-32190,10,110.56830245185355
71,14,STARLINK-32190,10,179.67310579633525
71,15,STARLINK-32190,10,17.74430411023611
72,13,STARLINK-32190,18,110.56830245185355
72,14,STARLINK-32190,18,179.67593968068607
72,15,STARLINK-32190,18,17.744354782860352
73,13,STARLINK-34160,19,58.3161196180323
74,13,STARLINK-34160,20,58.3161196180323
73,14,STARLINK-33717,8,69.73233320446718
73,15,STARLINK-33717,8,194.1708778534861
73,16,STARLINK-33717,8,198.85710335573287
74,14,STARLINK-30906,9,63.12805236119538
74,15,STARLINK-30906,9,52.56847357721027
74,16,STARLINK-30906,9,97.83723455003278
70,16,STARLINK-6116,11,77.09911336358599
70,17,STARLINK-6116,11,66.1016494398435
71,16,STARLINK-6116,14,77.09911336358599
71,17,STARLINK-6116,14,38.35267246134673
71,18,STARLINK-6116,14,34.832561794078984
72,16,STARLINK-31457,16,52.75260499690076
72,17,STARLINK-31457,16,50.33887547318498
73,17,STARLINK-31771,18,79.1105310725345
74,17,STARLINK-5950,20,37.646399973834136
74,18,STARLINK-5950,20,9.535636740481046
74,19,STARLINK-5950,20,38.47082856320928
71,19,STARLINK-3752,0,141.5449899565657
45,8,STARLINK-33918,0,78.13880680426344
45,9,STARLINK-33918,0,26.53829488346761
45,10,STARLINK-33918,0,34.77257404183405
46,8,STARLINK-34165,0,54.25207407364815
46,9,STARLINK-34165,0,26.36363840981855
46,10,STARLINK-34165,0,22.22109674303836
47,8,STARLINK-33918,23,91.51806874389746
47,9,STARLINK-33918,23,26.53829488346761
47,10,STARLINK-33918,23,34.77257404183405
48,8,STARLINK-33918,21,56.34092070394883
48,9,STARLINK-33918,21,26.536433850102597
48,10,STARLINK-33918,21,34.77257404183405
49,8,STARLINK-34165,21,40.26199851855759
49,9,STARLINK-34165,21,26.361791076045254
49,10,STARLINK-34165,21,22.22109674303836
45,11,STARLINK-34160,14,75.4201526504526
45,12,STARLINK-34160,14,85.93963090013855
45,13,STARLINK-34160,14,58.31206208928854
46,11,STARLINK-34165,14,50.273062930133456
47,11,STARLINK-34160,24,156.20554618628245
47,12,STARLINK-34160,24,85.95328819550488
47,13,STARLINK-34160,24,58.3161196180323
48,11,STARLINK-34160,13,75.4201526504526
48,12,STARLINK-34160,13,85.95296886801228
48,13,STARLINK-34160,13,58.31550235312956
49,11,STARLINK-34165,6,50.273062930133456
46,12,STARLINK-32190,23,82.0934025760746
46,13,STARLINK-32190,23,110.56830245185355
46,14,STARLINK-32190,23,179.64692487543462
49,12,STARLINK-32190,8,81.58272863652387
49,13,STARLINK-32190,8,110.56611377946254
49,14,STARLINK-32190,8,65.14187284794255
45,14,STARLINK-33717,11,69.73233320446718
45,15,STARLINK-33717,11,194.17015703572432
45,16,STARLINK-33717,11,63.1064239956898
47,14,STARLINK-33717,13,69.73233320446718
47,15,STARLINK-33717,13,194.1708778534861
47,16,STARLINK-33717,13,198.8377073752875
48,14,STARLINK-30906,16,63.12805236119538
48,15,STARLINK-30906,16,85.52578021962529
48,16,STARLINK-30906,16,97.83723455003278
46,15,STARLINK-33717,12,138.21143538952106
46,16,STARLINK-33717,12,63.104840693523734
46,17,STARLINK-33717,12,89.33639371334667
49,15,STARLINK-33717,14,194.1708778534861
49,16,STARLINK-33717,14,63.1064239956898
49,17,STARLINK-33717,14,65.47770740746348
45,17,STARLINK-33717,0,205.49932513283423
47,17,STARLINK-33717,2,89.34037301266933
48,17,STARLINK-31771,13,221.94996348597138
48,18,STARLINK-31771,13,274.7894376205075
45,18,STARLINK-5158,0,344.0923239285894
45,19,STARLINK-5158,0,29.19807530960196
45,20,STARLINK-5158,0,208.38406007554565
46,18,STARLINK-5158,1,344.0923239285894
47,18,STARLINK-5158,2,236.7988797302586
47,19,STARLINK-5158,2,165.65517706396673
49,18,STARLINK-5158,6,236.7988797302586
49,19,STARLINK-5158,6,16.443678245793755
49,20,STARLINK-5158,6,34.540282488345994
30,9,STARLINK-34165,5,34.28620969088279
30,10,STARLINK-34165,5,31.175098834678245
30,11,STARLINK-34165,5,50.27226513493445
31,9,STARLINK-34165,7,117.16195305550916
31,10,STARLINK-34165,7,31.175098834678245
31,11,STARLINK-34165,7,50.273062930133456
32,9,STARLINK-34165,22,34.28620969088279
32,10,STARLINK-34165,22,31.172319389732884
32,11,STARLINK-34165,22,50.258756889043106
33,9,STARLINK-34165,4,117.12240988281053
33,10,STARLINK-34165,4,31.175098834678245
33,11,STARLINK-34165,4,50.273062904113445
34,9,STARLINK-34165,23,26.36363840981855
34,10,STARLINK-34165,23,22.22109674303836
34,11,STARLINK-34165,23,50.27228692317598
30,12,STARLINK-32190,21,82.0849294169634
30,13,STARLINK-32190,21,110.56830245185355
30,14,STARLINK-32190,21,179.67593968068607
31,12,STARLINK-32190,15,79.99628562749218
31,13,STARLINK-32190,15,109.91784652701377
31,14,STARLINK-32190,15,70.41537240466918
32,12,STARLINK-32190,1,31.85779301595106
32,13,STARLINK-32190,1,53.66820280375245
32,14,STARLINK-32190,1,65.14187284794255
33,12,STARLINK-32190,3,31.932644424946577
33,13,STARLINK-32190,3,53.66820280375245
33,14,STARLINK-32190,3,179.67569545966398
34,12,STARLINK-32190,9,31.932644424946577
34,13,STARLINK-32190,9,110.56498886921486
34,14,STARLINK-32190,9,70.41538208556015
30,15,STARLINK-33717,19,138.21143538952106
30,16,STARLINK-33717,19,46.104589124307715
30,17,STARLINK-33717,19,65.59960248157908
31,15,STARLINK-33717,21,194.1708778534861
31,16,STARLINK-33717,21,63.1064239956898
31,17,STARLINK-33717,21,89.33680253644766
32,15,STARLINK-33717,22,138.21143538952106
32,16,STARLINK-33717,22,63.1064239956898
32,17,STARLINK-33717,22,89.3386498179788
33,15,STARLINK-31457,24,70.73830899244543
33,16,STARLINK-31457,24,52.75211558441793
33,17,STARLINK-31457,24,61.46468365655089
34,15,STARLINK-31457,15,70.73732341455916
34,16,STARLINK-31457,15,52.75201651798356
34,17,STARLINK-31457,15,26.535770082460473
30,18,STARLINK-5158,7,200.7142186808457
30,19,STARLINK-5158,7,24.880061716721873
30,20,STARLINK-5158,7,53.792663849653394
31,18,STARLINK-5158,10,282.14862833562603
31,19,STARLINK-5158,10,73.37131173598522
32,18,STARLINK-5158,18,344.0923239285894
32,19,STARLINK-5158,18,165.65517706396673
33,18,STARLINK-5158,15,106.99988747271425
33,19,STARLINK-5158,15,25.62594224030711
33,20,STARLINK-5158,15,62.1774406929401
34,18,STARLINK-5158,21,236.7988797302586
34,19,STARLINK-5158,21,165.65040409548837
34,20,STARLINK-5158,21,208.38406007554565
60,10,STARLINK-34709,1,0.04410216390905207
60,11,STARLINK-34709,1,0.14417001170305402
60,12,STARLINK-34709,1,0.23515228889315554
61,10,STARLINK-34709,8,0.04410216390905207
61,11,STARLINK-34709,8,0.037266522442033004
61,12,STARLINK-34709,8,0.4946427600200715
62,10,STARLINK-34709,17,0.04410216390905207
62,11,STARLINK-34709,17,0.037266522442033004
62,12,STARLINK-34709,17,0.23515228889315554
63,10,STARLINK-34709,18,0.04410216390905207
63,11,STARLINK-34709,18,0.037266522442033004
63,12,STARLINK-34709,18,0.3100036978886818
64,10,STARLINK-34709,19,0.04410216390905207
64,11,STARLINK-34709,19,0.037266522442033004
64,12,STARLINK-34709,19,0.31000023775566454
60,13,STARLINK-32190,16,110.55187073614591
60,14,STARLINK-32190,16,70.41538208556015
60,15,STARLINK-32190,16,29.41124856696634
61,13,STARLINK-32190,12,110.56720532431778
61,14,STARLINK-32190,12,179.67586518434834
61,15,STARLINK-32190,12,17.744354782860352
62,13,STARLINK-32190,2,109.91751750768535
62,14,STARLINK-32190,2,65.14187284794255
62,15,STARLINK-32190,2,17.744354782860352
63,13,STARLINK-32190,0,53.66820280375245
63,14,STARLINK-32190,0,179.67551878738522
63,15,STARLINK-32190,0,73.70379724682542
64,13,STARLINK-32190,19,53.66820280375245
64,14,STARLINK-32190,19,179.67593968068607
64,15,STARLINK-32190,19,17.744354782860352
60,16,STARLINK-6116,6,77.09908793802197
60,17,STARLINK-6116,6,50.053702747063184
60,18,STARLINK-6116,6,9.86806134753566
61,16,STARLINK-6116,23,77.09911336358599
61,17,STARLINK-6116,23,49.40243062696133
61,18,STARLINK-6116,23,9.857167541687236
62,16,STARLINK-6116,4,26.241965108645267
62,17,STARLINK-6116,4,38.197463048905924
62,18,STARLINK-6116,4,26.038354942124794
63,16,STARLINK-31457,5,49.8444838664247
63,17,STARLINK-31457,5,25.385753010713007
63,18,STARLINK-31457,5,3.2146824028305083
64,16,STARLINK-6116,5,43.35537062489053
64,17,STARLINK-6116,5,37.783401549829584
64,18,STARLINK-6116,5,7.40479931363148
60,19,STARLINK-3752,1,278.0020917109305
60,20,STARLINK-3752,1,226.56507526784534
60,21,STARLINK-3752,1,6.9230824633659225
61,19,STARLINK-3752,8,70.21062096678133
61,20,STARLINK-3752,8,80.35840769355329
61,21,STARLINK-3752,8,6.9230824633659225
62,19,STARLINK-3752,11,106.00579428045191
62,20,STARLINK-3752,11,80.3584558852398
62,21,STARLINK-3752,11,6.9230824633659225
63,19,STARLINK-5078,13,274.4703859869645
63,20,STARLINK-5078,13,39.906232268909086
63,21,STARLINK-5078,13,42.076217142776706
64,19,STARLINK-5078,16,103.68615275597614
64,20,STARLINK-5078,16,65.22509861086972
64,21,STARLINK-5078,16,44.23540856003567
60,22,STARLINK-30334,0,87.07929157771142
62,22,STARLINK-30334,1,87.07929157771142
63,22,STARLINK-30334,8,87.07929157771142
64,22,STARLINK-30334,13,77.374039678494
75,12,STARLINK-32190,11,31.932644424946577
75,13,STARLINK-32190,11,53.668092625703856
75,14,STARLINK-32190,11,65.14187284794255
76,12,STARLINK-32190,20,31.932644424946577
76,13,STARLINK-32190,20,53.66820280375245
76,14,STARLINK-32190,20,179.67593968068607
77,12,STARLINK-32190,24,31.932644424946577
77,13,STARLINK-32190,24,53.66820280375245
77,14,STARLINK-32190,24,70.41538208556015
78,12,STARLINK-32190,13,31.932552387030988
78,13,STARLINK-32190,13,53.66764696212778
78,14,STARLINK-32190,13,65.14187284794255
79,12,STARLINK-32190,14,31.928707899825213
79,13,STARLINK-32190,14,53.664549029329415
79,14,STARLINK-32190,14,179.67566709474963
75,15,STARLINK-33717,20,91.7635598117139
75,16,STARLINK-33717,20,58.56072558065623
75,17,STARLINK-33717,20,65.59984657971766
76,15,STARLINK-33717,23,194.13279254843061
76,16,STARLINK-33717,23,63.1064239956898
76,17,STARLINK-33717,23,87.93974002337958
77,15,STARLINK-31457,20,45.58145225851709
77,16,STARLINK-31457,20,83.65328330735726
77,17,STARLINK-31457,20,25.786985136133836
78,15,STARLINK-33717,6,138.21143538952106
78,16,STARLINK-33717,6,63.106404527761114
78,17,STARLINK-33717,6,89.33691523863641
79,15,STARLINK-33717,18,138.21143538952106
79,16,STARLINK-33717,18,198.85757779764182
79,17,STARLINK-33717,18,62.65947474356133
75,18,STARLINK-5158,8,136.59435600053666
75,19,STARLINK-5158,8,17.96607218858447
75,20,STARLINK-5158,8,62.177406505299004
76,18,STARLINK-5158,11,221.72701372992523
76,19,STARLINK-5158,11,24.328918639104728
76,20,STARLINK-5158,11,62.1774406929401
77,18,STARLINK-5158,16,221.7240645462509
77,19,STARLINK-5158,16,24.880061716721873
77,20,STARLINK-5158,16,74.33900958267505
78,18,STARLINK-30069,12,28.241180959865
78,19,STARLINK-30069,12,16.66085306549207
78,20,STARLINK-30069,12,35.390890231722
79,18,STARLINK-5158,12,132.3477859036476
79,19,STARLINK-5158,12,25.48170808505507
79,20,STARLINK-5158,12,34.619694240122605
75,21,STARLINK-31996,2,254.58203800893457
75,22,STARLINK-31996,2,205.79529136170527
75,23,STARLINK-31996,2,149.83133395077107
76,21,STARLINK-31996,18,210.0957342679968
76,22,STARLINK-31996,18,51.640502094697084
76,23,STARLINK-31996,18,20.39069291756165
77,21,STARLINK-31996,21,254.58203800893457
77,22,STARLINK-31996,21,41.43758296809273
77,23,STARLINK-31996,21,17.866578022739446
78,21,STARLINK-31996,22,254.58203800893457
78,22,STARLINK-31996,22,205.79723584081339
78,23,STARLINK-31996,22,20.387967568758512
79,21,STARLINK-31996,23,254.58203800893457
79,22,STARLINK-31996,23,205.79723584081339
75,24,STARLINK-30603,0,112.17934567212797
77,24,STARLINK-5311,2,257.0780304167453
35,13,STARLINK-32190,22,53.66820280375245
35,14,STARLINK-32190,22,179.67593968068607
35,15,STARLINK-32190,22,17.744354782860352
36,14,STARLINK-30906,4,63.12805236119538
36,15,STARLINK-30906,4,24.29290372043936
36,16,STARLINK-30906,4,50.58683759435161
37,14,STARLINK-30906,17,63.12805236119538
37,15,STARLINK-30906,17,43.858040590309244
37,16,STARLINK-30906,17,97.83723455003278
38,14,STARLINK-30906,24,63.12805236119538
38,15,STARLINK-30906,24,52.56847357721027
38,16,STARLINK-30906,24,97.83610758485675
39,14,STARLINK-30906,15,63.12804397731927
39,15,STARLINK-30906,15,52.567801300683925
39,16,STARLINK-30906,15,97.83587946633752
35,16,STARLINK-31457,10,83.65328330735726
35,17,STARLINK-31457,10,20.413635630498653
35,18,STARLINK-31457,10,4.4662998273644305
36,17,STARLINK-5950,8,75.85630846989858
36,18,STARLINK-5950,8,9.869435352569166
36,19,STARLINK-5950,8,13.909405351635195
37,17,STARLINK-5950,7,78.02173386627166
37,18,STARLINK-5950,7,11.824264616049545
37,19,STARLINK-5950,7,19.128747054212976
38,17,STARLINK-5950,16,78.02197643318152
38,18,STARLINK-5950,16,12.266768349282202
38,19,STARLINK-5950,16,19.128747054212976
39,17,STARLINK-5950,17,78.02197643318152
39,18,STARLINK-5950,17,29.026898890580068
39,19,STARLINK-5950,17,29.94414527905769
35,19,STARLINK-5078,19,103.68615275597614
35,20,STARLINK-5078,19,53.80961313581361
35,21,STARLINK-5078,19,44.23580792296498
36,20,STARLINK-3752,14,226.56507526784534
36,21,STARLINK-3752,14,4.038959364571649
36,22,STARLINK-3752,14,8.98735047452489
37,20,STARLINK-3752,20,50.09325376812009
37,21,STARLINK-3752,20,6.923045578630181
37,22,STARLINK-3752,20,12.053877057708421
38,20,STARLINK-3752,15,80.3584558852398
38,21,STARLINK-3752,15,6.923040846251126
38,22,STARLINK-3752,15,19.062399826591395
39,20,STARLINK-3752,5,37.61989619147635
39,21,STARLINK-3752,5,4.763678492246542
39,22,STARLINK-3752,5,14.83644005907881
35,22,STARLINK-30334,16,87.07929157771142
35,23,STARLINK-30334,16,173.26264299273709
35,24,STARLINK-30334,16,191.30290140207677
36,23,STARLINK-30334,0,173.31184028450292
36,24,STARLINK-30334,0,42.19670949939652
37,23,STARLINK-30334,8,173.31184028450292
37,24,STARLINK-30334,8,67.12289431501567
37,25,STARLINK-30334,8,12.80688917763539
38,23,STARLINK-30334,12,302.75248160732446
38,24,STARLINK-30334,12,67.12260321237034
38,25,STARLINK-30334,12,12.806688447606637
39,23,STARLINK-30334,14,98.16089976603624
39,24,STARLINK-30334,14,191.30290140207677
55,15,STARLINK-33717,3,194.1708778534861
55,16,STARLINK-33717,3,58.56072558065623
55,17,STARLINK-33717,3,103.97327173724362
56,15,STARLINK-33717,4,58.88242496886691
56,16,STARLINK-33717,4,22.313403922608934
56,17,STARLINK-33717,4,65.17724592056472
57,15,STARLINK-31457,4,31.330037868121877
57,16,STARLINK-31457,4,29.830423562316884
57,17,STARLINK-31457,4,25.648587024185616
58,15,STARLINK-33717,10,138.21073049194658
58,16,STARLINK-33717,10,58.56072558065623
58,17,STARLINK-33717,10,49.90133878224736
59,15,STARLINK-33717,5,134.38381026127152
59,16,STARLINK-33717,5,36.4304992021248
59,17,STARLINK-33717,5,64.37752917039654
55,18,STARLINK-5158,23,235.97419844940381
55,19,STARLINK-5158,23,165.65517706396673
55,20,STARLINK-5158,23,208.38406007554565
56,18,STARLINK-5158,22,236.7988797302586
56,19,STARLINK-5158,22,79.15636374057772
56,20,STARLINK-5158,22,81.02495411132446
57,18,STARLINK-5158,19,200.7142186808457
57,19,STARLINK-5158,19,24.880061716721873
57,20,STARLINK-5158,19,60.87314767274375
58,18,STARLINK-30069,20,27.724987437594518
58,19,STARLINK-30069,20,32.31365098633312
58,20,STARLINK-30069,20,40.83148960446986
59,18,STARLINK-5158,20,128.4076608003074
59,19,STARLINK-5158,20,51.49063900911441
59,20,STARLINK-5158,20,39.91989343810366
55,21,STARLINK-31996,11,210.0957342679968
55,22,STARLINK-31996,11,205.7968046319731
55,23,STARLINK-31996,11,20.390620924346866
56,21,STARLINK-31996,15,210.09225118901688
56,22,STARLINK-31996,15,140.9884858906611
56,23,STARLINK-31996,15,149.83133424038317
57,21,STARLINK-31996,20,210.09264725280602
57,22,STARLINK-31996,20,70.98506693052002
57,23,STARLINK-31996,20,71.1409332796429
58,21,STARLINK-31996,0,254.58203800893457
58,22,STARLINK-31996,0,57.27594202193453
58,23,STARLINK-31996,0,20.39069291756165
59,21,STARLINK-31996,1,210.0957342679968
59,22,STARLINK-31996,1,57.27594202193453
59,23,STARLINK-31996,1,58.15499672564017
55,24,STARLINK-30552,3,70.08837732055225
55,25,STARLINK-30552,3,120.11665497318663
55,26,STARLINK-30552,3,213.0979669348392
56,24,STARLINK-30552,11,45.474759262874414
56,25,STARLINK-30552,11,87.8991106349757
56,26,STARLINK-30552,11,153.49116770920168
57,24,STARLINK-30552,13,45.474759262874414
57,25,STARLINK-30552,13,87.8991106349757
57,26,STARLINK-30552,13,153.4899659627567
58,24,STARLINK-30603,17,72.73029581893444
58,25,STARLINK-30603,17,24.16628303342695
59,24,STARLINK-33846,17,32.894235474370575
59,25,STARLINK-33846,17,157.4253578049809
59,26,STARLINK-33846,17,25.947977133514964
56,27,STARLINK-33832,3,257.5678182057466
57,27,STARLINK-33832,4,62.94070887650787
59,27,STARLINK-33832,6,85.26635928301695
90,16,STARLINK-6116,2,77.09911336358599
90,17,STARLINK-6116,2,50.055309315735485
90,18,STARLINK-6116,2,9.86806134753566
91,16,STARLINK-6116,21,77.09911336358599
91,17,STARLINK-6116,21,50.05365038236166
91,18,STARLINK-6116,21,9.86806134753566
92,16,STARLINK-6116,12,77.097045538713
92,17,STARLINK-6116,12,50.05346043107685
92,18,STARLINK-6116,12,7.653234208702125
93,16,STARLINK-31457,7,83.65328330735726
93,17,STARLINK-31457,7,50.33873818506399
93,18,STARLINK-31457,7,4.023713509424734
94,16,STARLINK-31457,19,64.20719204095158
94,17,STARLINK-31457,19,25.786905294420844
94,18,STARLINK-31457,19,4.023713509424734
90,19,STARLINK-5078,6,60.10003019311485
90,20,STARLINK-5078,6,30.938323708638645
90,21,STARLINK-5078,6,67.58427585089903
91,19,STARLINK-3752,6,62.83290445068464
91,20,STARLINK-3752,6,43.06900182341262
91,21,STARLINK-3752,6,6.977039994380752
92,19,STARLINK-5078,3,138.79834909253955
92,20,STARLINK-5078,3,65.22506338116793
92,21,STARLINK-5078,3,84.71006092475233
93,19,STARLINK-5078,7,103.68615275597614
93,20,STARLINK-5078,7,47.72813761972614
93,21,STARLINK-5078,7,94.4643452042168
94,19,STARLINK-5078,12,107.37539659791746
94,20,STARLINK-5078,12,31.008298416613854
94,21,STARLINK-5078,12,113.05258582882708
90,22,STARLINK-32199,19,30.00264942757363
90,23,STARLINK-32199,19,14.024580888271803
90,24,STARLINK-32199,19,52.36924012874752
91,22,STARLINK-30334,19,60.60037494117264
91,23,STARLINK-30334,19,134.54221433089432
91,24,STARLINK-30334,19,83.31556805337385
92,22,STARLINK-30334,6,152.67660909350025
92,23,STARLINK-30334,6,184.46763704150328
92,24,STARLINK-30334,6,43.50152031734738
93,22,STARLINK-30334,9,74.5530771761519
93,23,STARLINK-30334,9,132.97980874574228
93,24,STARLINK-30334,9,43.50102011720515
94,22,STARLINK-30334,4,139.8867251490588
94,23,STARLINK-30334,4,165.46748427041075
94,24,STARLINK-30334,4,191.3020183571174
90,25,STARLINK-33846,0,288.288236109287
90,26,STARLINK-33846,0,25.947977133514964
90,27,STARLINK-33846,0,99.04290284317767
91,25,STARLINK-33846,2,288.288236109287
91,26,STARLINK-33846,2,25.947977133514964
92,25,STARLINK-33846,10,176.36658542454552
92,26,STARLINK-33846,10,25.947977133514964
93,25,STARLINK-33846,14,288.288236109287
93,26,STARLINK-33846,14,25.947977133514964
93,27,STARLINK-33846,14,99.04290284317767
94,25,STARLINK-33846,18,288.288236109287
94,26,STARLINK-33846,18,58.29435321993897
94,27,STARLINK-33846,18,137.6226814380176
90,28,STARLINK-3749,0,98.22793303956563
94,28,STARLINK-3749,1,242.77721614857293
95,17,STARLINK-5950,15,38.801920168561736
95,18,STARLINK-5950,15,8.547831777350778
95,19,STARLINK-5950,15,19.687201402392073
96,17,STARLINK-30530,15,28.233539825059534
96,18,STARLINK-30530,15,20.539707130915637
96,19,STARLINK-30530,15,46.845868688645005
97,17,STARLINK-31001,15,26.02888527256995
97,18,STARLINK-31001,15,15.94087276793276
97,19,STARLINK-31001,15,32.93368255477839
98,17,STARLINK-5950,11,64.60047345301763
98,18,STARLINK-5950,11,12.26682509003277
98,19,STARLINK-5950,11,18.715514321118942
99,17,STARLINK-30530,8,52.61877068098187
99,18,STARLINK-30530,8,23.91827040342618
99,19,STARLINK-30530,8,31.90744903611953
95,20,STARLINK-3752,17,49.58699930222881
95,21,STARLINK-3752,17,6.9230824633659225
95,22,STARLINK-3752,17,9.357147927373957
96,20,STARLINK-3752,18,226.56507526784534
96,21,STARLINK-3752,18,6.9230824633659225
96,22,STARLINK-3752,18,9.357147927373957
97,20,STARLINK-3752,10,79.03238924034594
97,21,STARLINK-3752,10,6.9230824633659225
97,22,STARLINK-3752,10,12.053877057708421
98,20,STARLINK-3752,13,56.51813962613488
98,21,STARLINK-3752,13,4.763652623520914
98,22,STARLINK-3752,13,9.357147927373957
99,20,STARLINK-30530,13,34.32261052162626
99,21,STARLINK-31996,8,210.0957342679968
99,22,STARLINK-31996,8,57.27594202193453
99,23,STARLINK-31996,8,20.39069291756165
95,23,STARLINK-30334,23,155.85768056576757
95,24,STARLINK-30334,23,43.750732716241664
95,25,STARLINK-30334,23,25.309813068675464
96,23,STARLINK-30552,23,25.917800354883735
96,24,STARLINK-30552,23,45.474089958473265
96,25,STARLINK-30552,23,87.8991106349757
97,23,STARLINK-30334,24,113.41141752809412
97,24,STARLINK-30334,24,130.23165122869932
97,25,STARLINK-30334,24,18.31766634091518
98,23,STARLINK-30334,7,187.81663846647322
98,24,STARLINK-30334,7,83.31556805337385
98,25,STARLINK-30334,7,15.404558859259156
99,24,STARLINK-30552,22,70.08749803434364
99,25,STARLINK-30552,22,38.61077953299984
99,26,STARLINK-30552,22,100.79846223641849
95,26,STARLINK-31483,8,86.4100662095088
95,27,STARLINK-31483,8,47.38770649761546
96,26,STARLINK-31483,9,150.01443671794715
96,27,STARLINK-31483,9,47.38770649761546
96,28,STARLINK-31483,9,68.72934414935814
97,26,STARLINK-31483,19,150.01443671794715
97,27,STARLINK-31483,19,47.38762971456693
98,26,STARLINK-31483,24,150.01443671794715
98,27,STARLINK-31483,24,47.38770649761546
99,27,STARLINK-6211,15,49.85503037037793
99,28,STARLINK-6211,15,9.573994212290183
96,29,STARLINK-5287,0,313.1789154245742
15,18,STARLINK-30069,5,27.2398654287187
15,19,STARLINK-30069,5,16.660857537999235
15,20,STARLINK-30069,5,30.976881676229983
16,18,STARLINK-5158,5,124.80809317557225
16,19,STARLINK-5158,5,25.481715200186525
16,20,STARLINK-5158,5,30.314947707076342
17,18,STARLINK-30069,17,105.41079071556423
17,19,STARLINK-30069,17,25.303233023750586
17,20,STARLINK-30069,17,40.43591646961988
18,18,STARLINK-5158,24,115.03476607213906
18,19,STARLINK-5158,24,19.61163412079154
18,20,STARLINK-5158,24,31.787112964087058
19,18,STARLINK-30069,24,25.85504005094121
19,19,STARLINK-30069,24,12.936281805236048
19,20,STARLINK-30069,24,32.48594388810564
15,21,STARLINK-5158,14,22.70304156976722
15,22,STARLINK-5158,14,60.39555255875524
15,23,STARLINK-5158,14,20.486516493823437
16,21,STARLINK-5311,14,30.276939537495334
16,22,STARLINK-5311,14,12.224430931687316
16,23,STARLINK-5311,14,12.210098021062464
17,21,STARLINK-31996,14,78.85350880331399
17,22,STARLINK-31996,14,49.19176205736802
17,23,STARLINK-31996,14,14.668604091865625
18,21,STARLINK-5311,24,33.48084332335053
18,22,STARLINK-5311,24,19.36747229813014
18,23,STARLINK-5311,24,13.40522720016475
19,21,STARLINK-31996,24,89.6711232541045
19,22,STARLINK-31996,24,87.98463935711355
19,23,STARLINK-31996,24,16.121665994481766
15,24,STARLINK-30552,15,33.29717357520448
15,25,STARLINK-30552,15,39.13323657724895
15,26,STARLINK-30552,15,86.98007865379012
16,24,STARLINK-5311,15,73.97805526876658
17,24,STARLINK-33832,15,28.524350810718182
17,25,STARLINK-33832,15,11.501768651977295
17,26,STARLINK-33832,15,11.0342539040419
18,24,STARLINK-5311,20,79.17674980195777
19,24,STARLINK-30552,20,35.20525456072952
19,25,STARLINK-30552,20,111.31006116958085
19,26,STARLINK-30552,20,89.71104823526794
16,25,STARLINK-33846,19,288.288236109287
16,26,STARLINK-33846,19,25.947977133514964
16,27,STARLINK-33846,19,99.04277893373005
18,25,STARLINK-33846,16,288.25835056839196
18,26,STARLINK-33846,16,25.947430395565085
18,27,STARLINK-33846,16,63.68536233078816
15,27,STARLINK-6211,17,31.32701158670406
15,28,STARLINK-6211,17,26.96044682666269
15,29,STARLINK-6211,17,10.050424858459222
17,27,STARLINK-33832,17,75.70915156466413
19,27,STARLINK-6211,20,92.34670036661109
19,28,STARLINK-6211,20,29.97472904654122
16,28,STARLINK-3749,2,83.55585148597797
16,29,STARLINK-3749,2,85.7027489575897
16,30,STARLINK-3749,2,39.227341154182035
17,28,STARLINK-3749,5,98.22793303956563
17,29,STARLINK-3749,5,148.2383512065621
18,28,STARLINK-3749,6,242.77721614857293
18,29,STARLINK-3749,6,148.23954953987473
15,30,STARLINK-32191,1,348.0718067824502
25,21,STARLINK-31996,19,107.65514287764022
25,22,STARLINK-31996,19,41.43758296809273
25,23,STARLINK-31996,19,17.866572800395957
26,21,STARLINK-31996,5,100.67687728937345
26,22,STARLINK-31996,5,94.43460350275807
26,23,STARLINK-31996,5,36.910879375575576
27,21,STARLINK-31996,16,107.65382485545643
27,22,STARLINK-31996,16,57.27594202193453
27,23,STARLINK-31996,16,20.387967568758512
28,21,STARLINK-31996,13,100.67602248370105
28,22,STARLINK-31996,13,51.640502094697084
28,23,STARLINK-31996,13,20.39068611129653
29,21,STARLINK-31996,9,98.27130694130172
29,22,STARLINK-31996,9,49.96535329146567
29,23,STARLINK-31996,9,17.747368166717706
25,24,STARLINK-30552,12,70.08788732292285
25,25,STARLINK-30552,12,38.609708869327484
25,26,STARLINK-30552,12,100.79029118861152
26,24,STARLINK-30552,1,66.96866087985156
26,25,STARLINK-30552,1,44.121441165917496
26,26,STARLINK-30552,1,100.79846223641849
27,24,STARLINK-30552,8,70.08819560539995
27,25,STARLINK-30552,8,38.6103884172549
27,26,STARLINK-30552,8,37.19409172798011
28,24,STARLINK-33832,11,38.64435230594267
28,25,STARLINK-33832,11,22.319052896135503
28,26,STARLINK-33832,11,15.634151815302964
29,24,STARLINK-33832,13,38.64435230594267
29,25,STARLINK-33832,13,22.319052896135503
29,26,STARLINK-33832,13,15.634089121738766
25,27,STARLINK-6211,21,35.34795723143432
25,28,STARLINK-6211,21,12.28836527307502
25,29,STARLINK-6211,21,37.16071256165366
26,27,STARLINK-6211,22,49.85503037037793
26,28,STARLINK-6211,22,18.330165524700384
26,29,STARLINK-6211,22,37.16071256165366
27,27,STARLINK-6211,2,70.70545271461104
27,28,STARLINK-6211,2,12.28836527307502
27,29,STARLINK-6211,2,37.16071256165366
28,27,STARLINK-33832,7,85.26628565791334
29,27,STARLINK-33832,11,257.5655735153063
28,28,STARLINK-3749,7,242.77721614857293
28,29,STARLINK-3749,7,148.24040037835218
28,30,STARLINK-3749,7,140.1415477782582
29,28,STARLINK-3749,11,242.77721614857293
29,29,STARLINK-3749,11,148.23964286915123
29,30,STARLINK-3749,11,140.141393552038
25,30,STARLINK-32191,3,109.62817777928583
25,31,STARLINK-32191,3,36.67379853255935
26,30,STARLINK-5287,3,50.64568085871556
26,31,STARLINK-5287,3,102.81429946024501
26,32,STARLINK-5287,3,191.99174316766923
27,30,STARLINK-5287,4,50.64568085871556
27,31,STARLINK-5287,4,32.0592072280045
27,32,STARLINK-5287,4,35.030015405195385
28,31,STARLINK-5176,0,80.62619344028779
28,32,STARLINK-5176,0,31.02732342011722
29,31,STARLINK-31380,1,300.5153314835738
26,33,STARLINK-30300,1,423.6183663582556
10,22,STARLINK-32199,21,30.00264942757363
10,23,STARLINK-32199,21,14.024584918403248
10,24,STARLINK-32199,21,22.68927142254691
11,22,STARLINK-30334,21,60.60037494117264
11,23,STARLINK-30334,21,134.54228320956972
11,24,STARLINK-30334,21,33.445210874710625
12,22,STARLINK-32199,10,49.47304329522943
12,23,STARLINK-32199,10,14.024584918403248
12,24,STARLINK-32199,10,52.36900189581505
13,22,STARLINK-30334,17,77.374039678494
13,23,STARLINK-30334,17,173.31184028450292
13,24,STARLINK-30334,17,30.208073020827268
14,22,STARLINK-30334,18,77.374039678494
14,23,STARLINK-30334,18,173.31184028450292
14,24,STARLINK-30334,18,191.30290140207677
10,25,STARLINK-33846,4,288.237767210082
10,26,STARLINK-33846,4,25.947977133514964
10,27,STARLINK-33846,4,46.896008889881514
11,25,STARLINK-33846,9,173.47877307641622
11,26,STARLINK-33846,9,25.947977133514964
11,27,STARLINK-33846,9,99.0429844319036
12,25,STARLINK-33846,24,176.36658542454552
12,26,STARLINK-33846,24,25.947977133514964
12,27,STARLINK-33846,24,99.0429844319036
13,25,STARLINK-33846,21,157.4146718865836
13,26,STARLINK-33846,21,25.947753040204567
13,27,STARLINK-33846,21,63.685397222768
14,25,STARLINK-33846,6,173.47272399118572
14,26,STARLINK-33846,6,154.84427816708904
14,27,STARLINK-33846,6,61.85673554181317
10,28,STARLINK-3749,12,242.77721614857293
10,29,STARLINK-3749,12,148.24040037835218
10,30,STARLINK-3749,12,140.13983779388323
11,28,STARLINK-3749,13,80.70279476319786
11,29,STARLINK-3749,13,10.763026281744809
11,30,STARLINK-3749,13,20.4090187727942
12,28,STARLINK-3749,19,242.77721614857293
12,29,STARLINK-3749,19,18.438209633847567
12,30,STARLINK-3749,19,11.772512979767923
13,28,STARLINK-32191,8,193.7228816374214
13,29,STARLINK-32191,8,7.017241480527259
13,30,STARLINK-32191,8,109.62817777928583
14,28,STARLINK-32191,23,68.6620334771208
14,29,STARLINK-32191,23,7.017242054165081
14,30,STARLINK-32191,23,109.62817777928583
10,31,STARLINK-30991,5,76.92938986397573
10,32,STARLINK-30991,5,38.83162756854176
10,33,STARLINK-30991,5,161.64339979334207
11,31,STARLINK-30991,7,224.0632753872785
11,32,STARLINK-30991,7,155.04665767800935
11,33,STARLINK-30991,7,161.64339979334207
12,31,STARLINK-30991,8,87.40428836439477
12,32,STARLINK-30991,8,155.04772788268238
12,33,STARLINK-30991,8,161.63345361031153
13,31,STARLINK-5176,11,230.49411953149811
13,32,STARLINK-5176,11,24.365954575660155
13,33,STARLINK-5176,11,103.30724662603976
14,31,STARLINK-5176,13,91.43376262155438
14,32,STARLINK-5176,13,133.6620869189445
14,33,STARLINK-5176,13,193.89579854955215
10,34,STARLINK-33856,0,238.11006700036748
50,23,STARLINK-30334,11,173.31054042684528
50,24,STARLINK-30334,11,43.751371559304786
50,25,STARLINK-30334,11,25.309813068675464
51,23,STARLINK-30334,13,173.31171739488798
51,24,STARLINK-30334,13,43.751371559304786
51,25,STARLINK-30334,13,25.309813068675464
52,23,STARLINK-30334,22,173.26264299273709
52,24,STARLINK-30334,22,67.12223561783382
52,25,STARLINK-30334,22,12.807004707997523
53,23,STARLINK-30334,3,152.88785074709023
53,24,STARLINK-30334,3,67.12306590360473
53,25,STARLINK-30334,3,31.5109609286812
54,23,STARLINK-30334,10,134.54228320956972
54,24,STARLINK-30334,10,83.3151289723089
54,25,STARLINK-30334,10,18.31766634091518
50,26,STARLINK-31483,23,212.78255411236594
50,27,STARLINK-31483,23,40.02278274303804
50,28,STARLINK-31483,23,68.72934414935814
51,26,STARLINK-31483,0,150.01443671794715
51,27,STARLINK-31483,0,47.38767601253188
51,28,STARLINK-31483,0,49.24180878707779
52,26,STARLINK-31483,2,150.01443671794715
52,27,STARLINK-31483,2,64.96795279808936
52,28,STARLINK-31483,2,43.20000853545243
53,26,STARLINK-31483,10,150.01443671794715
53,27,STARLINK-31483,10,48.13709403147628
53,28,STARLINK-31483,10,61.723003751638906
54,26,STARLINK-31483,14,150.01443671794715
54,27,STARLINK-31483,14,47.38767601253188
54,28,STARLINK-31483,14,87.53498521050889
50,29,STARLINK-5287,9,243.38959901879636
50,30,STARLINK-5287,9,42.33882487701216
50,31,STARLINK-5287,9,52.761678903902514
51,29,STARLINK-5287,23,243.388426826391
51,30,STARLINK-5287,23,50.64568085871556
51,31,STARLINK-5287,23,191.82206069399635
52,29,STARLINK-5287,20,113.35097727699548
52,30,STARLINK-5287,20,289.0893098618799
52,31,STARLINK-5287,20,191.82206069399635
53,29,STARLINK-5287,14,239.96538829687495
53,30,STARLINK-5287,14,188.98257742269982
53,31,STARLINK-5287,14,31.68823337910722
54,29,STARLINK-5287,17,223.53097630061728
54,30,STARLINK-5287,17,289.0893098618799
54,31,STARLINK-5287,17,191.82206069399635
50,32,STARLINK-5195,14,257.2670489673711
50,33,STARLINK-5195,14,25.283082239329968
50,34,STARLINK-5195,14,58.26973363713473
51,32,STARLINK-5195,16,257.2670489673711
51,33,STARLINK-5195,16,127.39152356808454
51,34,STARLINK-5195,16,107.65147618976621
52,32,STARLINK-5195,17,257.2670489673711
52,33,STARLINK-5195,17,25.283082239329968
52,34,STARLINK-5195,17,58.26973363713473
53,32,STARLINK-30985,18,138.67646096680886
53,33,STARLINK-30985,18,98.49608763600554
53,34,STARLINK-30985,18,18.247015646310366
54,32,STARLINK-30985,22,82.60065004874168
54,33,STARLINK-30985,22,243.27978565624147
54,34,STARLINK-30985,22,98.48630376956501
52,35,STARLINK-34078,0,188.20637025178308
54,35,STARLINK-34078,1,94.070023546191
40,25,STARLINK-33846,7,126.80162682849866
40,26,STARLINK-33846,7,55.855202853963846
40,27,STARLINK-33846,7,61.85668779493134
41,25,STARLINK-33846,22,94.86070998435868
41,26,STARLINK-33846,22,42.56075024593546
41,27,STARLINK-33846,22,95.772798677011
42,25,STARLINK-33846,15,96.54561503422937
42,26,STARLINK-33846,15,37.96074081798574
42,27,STARLINK-33846,15,95.772798677011
43,25,STARLINK-33846,8,94.85945498088068
43,26,STARLINK-33846,8,18.198295382400584
43,27,STARLINK-33846,8,99.0429844319036
44,25,STARLINK-33846,12,94.85727448498838
44,26,STARLINK-33846,12,42.55813799270068
44,27,STARLINK-33846,12,234.15454245884192
40,28,STARLINK-3749,18,62.29395232827622
40,29,STARLINK-3749,18,22.360903301273346
40,30,STARLINK-3749,18,9.898133918781383
41,28,STARLINK-4279,18,28.34623257238614
41,29,STARLINK-4279,18,80.23863111893783
41,30,STARLINK-4279,18,27.134189876308188
42,28,STARLINK-32191,18,33.605273718027334
42,29,STARLINK-32191,18,7.601271373893218
42,30,STARLINK-32191,18,129.22099713590174
43,28,STARLINK-3749,24,159.56979919324468
43,29,STARLINK-3749,24,42.953491796272814
43,30,STARLINK-3749,24,24.602372940256963
44,28,STARLINK-3749,22,159.55884789440975
44,29,STARLINK-3749,22,85.7027489575897
44,30,STARLINK-3749,22,24.601916185352216
40,31,STARLINK-30535,12,38.61555934031721
40,32,STARLINK-30535,12,80.61851077121696
40,33,STARLINK-30535,12,24.3702158218493
41,31,STARLINK-5176,12,48.254877834784494
41,32,STARLINK-5176,12,22.9802479888892
41,33,STARLINK-5176,12,62.79576950539096
42,31,STARLINK-30991,12,44.558077214652734
42,32,STARLINK-30991,12,30.78458016262254
42,33,STARLINK-30991,12,40.16248395712153
43,31,STARLINK-30535,6,54.156646177990204
43,32,STARLINK-30535,6,49.07517555552962
43,33,STARLINK-30535,6,27.429946578441907
44,31,STARLINK-5176,6,69.00782634296431
44,32,STARLINK-5176,6,15.332426336215502
44,33,STARLINK-5176,6,72.47698662748033
40,34,STARLINK-33856,1,238.11006700036748
40,35,STARLINK-33856,1,42.31107072723735
40,36,STARLINK-33856,1,87.70508974824162
41,34,STARLINK-33856,2,238.11006700036748
41,35,STARLINK-33856,2,136.4474174328294
41,36,STARLINK-33856,2,87.70523797513206
42,34,STARLINK-33856,3,238.11006700036748
42,35,STARLINK-33856,3,136.4472165802143
42,36,STARLINK-33856,3,87.70523797513206
43,34,STARLINK-33856,5,238.11006700036748
43,35,STARLINK-33856,5,136.41073972475667
43,36,STARLINK-33856,5,87.70523797513206
44,34,STARLINK-33856,7,238.11006700036748
44,35,STARLINK-33856,7,136.4474174328294
44,36,STARLINK-33856,7,87.70523797513206
42,37,STARLINK-34078,1,353.1212882567589
20,26,STARLINK-31483,5,150.01426221033412
20,27,STARLINK-31483,5,47.38770649761546
20,28,STARLINK-31483,5,49.24180878707779
21,26,STARLINK-31483,21,150.01206471481711
21,27,STARLINK-31483,21,32.88063335867184
21,28,STARLINK-31483,21,43.20000853545243
22,26,STARLINK-31483,16,150.00864963419983
22,27,STARLINK-31483,16,32.880617740123384
22,28,STARLINK-31483,16,69.75750546623982
23,26,STARLINK-31483,4,150.01443671794715
23,27,STARLINK-31483,4,25.062056091106385
23,28,STARLINK-31483,4,68.72925151377117
24,26,STARLINK-31483,17,150.01443671794715
24,27,STARLINK-31483,17,29.176950194785583
24,28,STARLINK-31483,17,119.20300494388418
20,29,STARLINK-5287,15,82.40359727182437
20,30,STARLINK-5287,15,33.10592423841643
20,31,STARLINK-5287,15,55.0599145006284
21,29,STARLINK-5287,16,189.40249769924156
21,30,STARLINK-5287,16,125.25624908157559
21,31,STARLINK-5287,16,31.68823337910722
22,29,STARLINK-5287,8,243.38836058859377
22,30,STARLINK-5287,8,50.64568085871556
22,31,STARLINK-5287,8,55.16307367111259
23,29,STARLINK-5287,13,75.4573081361478
23,30,STARLINK-5287,13,169.35634335276083
23,31,STARLINK-5287,13,52.761703784052585
24,29,STARLINK-5287,19,183.3767246800696
24,30,STARLINK-5287,19,71.19696684048292
24,31,STARLINK-5287,19,41.273193056012445
20,32,STARLINK-30985,20,67.63565920422757
20,33,STARLINK-30985,20,141.16209061172248
20,34,STARLINK-30985,20,49.10297030173909
21,32,STARLINK-5195,20,79.22609471669745
21,33,STARLINK-5195,20,25.283082239329968
21,34,STARLINK-5195,20,58.26973363713473
22,32,STARLINK-30985,23,245.62846611813674
22,33,STARLINK-30985,23,243.25021469629274
22,34,STARLINK-30985,23,98.51438788838473
23,32,STARLINK-5195,11,147.96929404280374
23,33,STARLINK-5195,11,36.81228121696751
23,34,STARLINK-5195,11,107.68115122378038
24,32,STARLINK-5195,9,147.96942872333096
24,33,STARLINK-5195,9,36.812300794673504
24,34,STARLINK-5195,9,63.41030782299099
20,35,STARLINK-34078,11,188.20637025178308
20,36,STARLINK-34078,11,116.14624800495868
20,37,STARLINK-34078,11,353.11925058349135
21,35,STARLINK-34078,13,79.08334313883124
21,36,STARLINK-34078,13,34.86924732257216
21,37,STARLINK-34078,13,353.1212882567589
22,35,STARLINK-34078,14,130.9849874937206
22,36,STARLINK-34078,14,116.14762130243302
22,37,STARLINK-34078,14,353.1202013094023
23,35,STARLINK-34078,17,130.9849874937206
23,36,STARLINK-34078,17,116.14762130243302
23,37,STARLINK-34078,17,353.1212882567589
24,35,STARLINK-34078,19,94.070023546191
24,36,STARLINK-34078,19,68.59044893413365
24,37,STARLINK-34078,19,353.1212882567589
20,38,STARLINK-34122,0,152.2558659940731
22,38,STARLINK-34122,1,152.2558659940731
24,38,STARLINK-31339,2,157.4912244257306
5,27,STARLINK-4279,13,33.48711691601416
5,28,STARLINK-4279,13,35.16375229268454
5,29,STARLINK-4279,13,33.7096924539232
6,27,STARLINK-6211,13,66.91450644739035
6,28,STARLINK-6211,13,11.983358617450422
6,29,STARLINK-6211,13,5.527907348808599
7,27,STARLINK-31379,13,25.91290145490303
7,28,STARLINK-31379,13,7.855118365900495
7,29,STARLINK-31379,13,11.763407210560658
8,27,STARLINK-4279,20,43.70640774727488
8,28,STARLINK-4279,20,108.41606774350383
8,29,STARLINK-4279,20,46.23890617237166
9,27,STARLINK-6211,10,52.034938852796124
9,28,STARLINK-6211,10,16.603005668996314
9,29,STARLINK-6211,10,14.90373941265773
5,30,STARLINK-4279,21,45.977122714594394
6,30,STARLINK-30535,22,149.81315650245546
6,31,STARLINK-30535,22,212.40928052344867
6,32,STARLINK-30535,22,62.83367244223914
7,30,STARLINK-30535,21,77.2816555814624
7,31,STARLINK-30535,21,94.62738125775883
7,32,STARLINK-30535,21,120.45734412075304
8,30,STARLINK-30535,0,265.3573593378553
8,31,STARLINK-30535,0,62.54135443223834
8,32,STARLINK-30535,0,123.27339514443318
9,30,STARLINK-30535,5,265.3574493406114
9,31,STARLINK-30535,5,65.27539500014589
9,32,STARLINK-30535,5,109.69256371154005
5,31,STARLINK-5176,18,230.49411953149811
5,32,STARLINK-5176,18,26.663411635990357
5,33,STARLINK-5176,18,49.112100529316216
6,33,STARLINK-30985,21,97.36593380560888
6,34,STARLINK-30985,21,29.46401170489851
6,35,STARLINK-30985,21,46.39159470401408
7,33,STARLINK-30984,21,49.955822146698175
7,34,STARLINK-30984,21,107.94827133783
7,35,STARLINK-30984,21,44.35337919370947
8,33,STARLINK-30985,14,141.16209061172248
8,34,STARLINK-30985,14,49.10297030173909
8,35,STARLINK-30985,14,19.60937689138867
9,33,STARLINK-30985,17,141.16209061172248
9,34,STARLINK-30985,17,49.10297030173909
9,35,STARLINK-30985,17,19.60937689138867
5,34,STARLINK-33856,8,238.11006700036748
5,35,STARLINK-33856,8,136.44170132180506
5,36,STARLINK-33856,8,87.70484976855558
6,36,STARLINK-3557,9,173.1955042703782
6,37,STARLINK-3557,9,135.66375372002778
7,36,STARLINK-3557,10,173.1955042703782
7,37,STARLINK-3557,10,135.6674313133933
7,38,STARLINK-3557,10,74.67618940781232
8,36,STARLINK-3557,12,111.59312078904883
8,37,STARLINK-3557,12,135.66882952183929
9,36,STARLINK-3557,15,173.1955042703782
9,37,STARLINK-3557,15,135.66633143802912
9,38,STARLINK-3557,15,74.67571672799403
5,37,STARLINK-34078,4,353.1212882567589
5,38,STARLINK-34078,4,118.48980774136169
0,28,STARLINK-32191,15,32.57628291001657
0,29,STARLINK-32191,15,4.023550878036618
0,30,STARLINK-32191,15,64.97928854788569
1,28,STARLINK-3749,15,60.1262270540241
1,29,STARLINK-3749,15,11.479270411067148
1,30,STARLINK-3749,15,6.227383758832371
2,28,STARLINK-4279,15,27.49802259001365
2,29,STARLINK-4279,15,36.214629904996876
2,30,STARLINK-4279,15,16.59149243001323
3,28,STARLINK-32191,9,68.6620334771208
3,29,STARLINK-32191,9,7.017252205624692
3,30,STARLINK-32191,9,87.17355897522
4,28,STARLINK-32191,4,68.66194096190009
4,29,STARLINK-32191,4,76.80605957399308
4,30,STARLINK-32191,4,109.62817777928583
0,31,STARLINK-5176,2,41.18712160797415
0,32,STARLINK-5176,2,13.022273863344068
0,33,STARLINK-5176,2,47.50866360759124
1,31,STARLINK-30535,2,33.16670174244577
1,32,STARLINK-30535,2,40.68452806304079
1,33,STARLINK-30535,2,19.173990892298303
2,31,STARLINK-30991,2,38.1245155792127
2,32,STARLINK-30991,2,17.187691208272824
2,33,STARLINK-30991,2,31.11709218859846
3,31,STARLINK-30991,4,47.781380308469885
3,32,STARLINK-30991,4,21.96643980351372
3,33,STARLINK-30991,4,37.90650878331065
4,31,STARLINK-5176,4,51.81085456562948
4,32,STARLINK-5176,4,16.55777142119356
4,33,STARLINK-5176,4,58.90449815703501
0,34,STARLINK-33856,12,238.0802118980167
0,35,STARLINK-33856,12,136.41643827418784
0,36,STARLINK-33856,12,26.102854493802646
1,34,STARLINK-30984,13,43.824152905117096
1,35,STARLINK-30984,13,13.46365314154998
1,36,STARLINK-30984,13,62.47827473922929
2,34,STARLINK-33856,13,104.93227392819064
2,35,STARLINK-33856,13,36.816623770360295
2,36,STARLINK-33856,13,21.642107029873358
3,34,STARLINK-33856,18,157.8426947582931
3,35,STARLINK-33856,18,42.31107072723735
3,36,STARLINK-33856,18,40.14798832211391
4,34,STARLINK-33856,19,167.32320324519745
4,35,STARLINK-33856,19,42.31107072723735
4,36,STARLINK-33856,19,40.14806560683269
0,37,STARLINK-34078,5,353.1212882567589
0,38,STARLINK-34078,5,43.5000632019394
0,39,STARLINK-34078,5,64.91055032706727
1,37,STARLINK-34078,6,353.1212882567589
1,38,STARLINK-34078,6,118.48668156025883
1,39,STARLINK-34078,6,226.7846547089179
2,37,STARLINK-34078,7,353.1212882567589
2,38,STARLINK-34078,7,118.48980774136169
3,37,STARLINK-34078,8,353.1212882567589
3,38,STARLINK-34078,8,118.48980774136169
3,39,STARLINK-34078,8,226.78537388193945
4,37,STARLINK-34078,16,353.1212882567589
4,38,STARLINK-34078,16,118.4153369009584
4,39,STARLINK-34078,16,226.78537388193945
